{"cameraMode":{"drawMode":0,"name":"Shaded","section":"Shading Mode"},"sceneLighting":true,"audioPlay":false,"sceneViewState":{"showFog":true,"showMaterialUpdate":false,"showSkybox":true,"showFlares":true,"showImageEffects":true,"showParticleSystems":true},"in2DMode":false,"pivot":{"x":-12.644946098327637,"y":-4.327009677886963,"z":19.16623306274414},"rotation":{"x":0.36930587887763979,"y":0.015331875532865525,"z":-0.00608075363561511,"w":0.9291753172874451},"size":64.22808837890625,"orthographic":false}