{"count":1,"self":15.829644799999999,"total":15.899582299999999,"children":{"InitializeActuators":{"count":2,"self":0.0019947,"total":0.0019947,"children":null},"InitializeSensors":{"count":2,"self":0.0019949,"total":0.0019949,"children":null},"AgentSendState":{"count":579,"self":0.013600699999999999,"total":0.0458922,"children":{"CollectObservations":{"count":232,"self":0.0036136999999999996,"total":0.0036136999999999996,"children":null},"CollectDiscreteActionMasks":{"count":232,"self":0.00056399999999999994,"total":0.00056399999999999994,"children":null},"RequestDecision":{"count":232,"self":0.010723499999999999,"total":0.028113799999999998,"children":{"RayPerceptionSensor.Perceive":{"count":232,"self":0.0173903,"total":0.0173903,"children":null}}}}},"DecideAction":{"count":579,"self":0.0090377,"total":0.0090377,"children":null},"AgentAct":{"count":579,"self":0.010019799999999999,"total":0.010019799999999999,"children":null}},"gauges":{},"metadata":{"timer_format_version":"0.1.0","start_time_seconds":"1605383820","unity_version":"2019.4.11f1","command_line_arguments":"C:\\Program Files\\Unity\\2019.4.11f1\\Editor\\Unity.exe -projectpath C:\/Cogs300 Lab Dev\/cogs300-final-project-github\/cogs300-robot-tournament\/cogs300-final-project -useHub -hubIPC -cloudEnvironment production -hubSessionId 2c242680-25bf-11eb-98d7-6f25b8219700 -accessToken 2J60FnWq-Rbgbgp-aN6ztOL4Y6Ujfi4VbVr0AXdzw-g003f","communication_protocol_version":"1.2.0","com.unity.ml-agents_version":"1.5.0-preview","scene_name":"AgentTesting","end_time_seconds":"1605383836"}}